name,area,soil,timings,chemicals,medicine
АДЕНОСТИЛЕС РОМБОЛИСТНЫЙ,Встречается в западной части. ,Растет хорошо на бурых горно-лесных. регулярному увлажнению,"Цветет в июне-августе, июне-августе; плоды созревают в июле-сентябре. Плоды созревают июле-сентябре. ",,В медицине применяется Платифиллин. В медицине используют Платифиллин. Платифиллин имеет медицинское применение. Оказывает зоогенных факторов. 
АИР ОБЫКНОВЕННЫЙ,"Произрастает в В среднем и нижнем ярусах. Встречается в России, Центральном Нечерноземном регионе России. ",Растет хорошо на илистых и аллювиальных. ,,В растении содержится эфирное масло. ,"В медицине применяется Препараты из корневищ аира, ароматическую горечь. В медицине используют Препараты из корневищ аира. Препараты из корневищ аира имеет медицинское применение. Оказывает примитивность цветка. "
АЛОЭ ДРЕВОВИДНОЕ,"Произрастает в каменистой почве. Встречается в В России, Северной Африке. Встречается в России. Распространен в комнатной культуре. ","Может возделываться на Северной Африке, закрытом грунте почвах. восковым налетомПредпочитает в поверхностном слое, каменистой почвы. ",,,В медицине применяется препараты. Оказывает восковым налетом. 
АЛТЕЙ ЛЕКАРСТВЕННЫЙ,Встречается в европейской части России. Распространен в в степной и лесостепной зоне Европейской части России. ,Растет хорошо на степной и лесостепной зонах. пространственной изоляцииПредпочитает плодородные почвы. ,Цветет в вторую половину лета. Всходы появляются весной. Плоды созревают 50 %. ,В растении содержится слизи. ,"В медицине применяется макрои микроэлементы, слизи-  27  стых веществ. В медицине используют слизи-  27  стых веществ, сырье алтея армянского. алтеем лекарственным, сырье алтея армянского имеет медицинское применение. Оказывает пространственной изоляции, слизи-  27  стых веществ. "
АММИ БОЛЬШАЯ,Произрастает в Полуплодики. Встречается в ВИЛАР. Встречается в Крыму. ,"Может возделываться на Кубани, дерново-подзолистых почвах. Растет хорошо на дерново-подзолистых, пустынях. Предпочитает нейтральные почвы. ","Всходы появляются 12-15 дней, 150-165 суток. Плоды созревают сжатые. ",,"В медицине применяется сырье. В медицине используют Аммифурин, сырье. Аммифурин имеет медицинское применение. "
АММИ ЗУБНАЯ,"Произрастает в Южной Европе, Передней Азии, Северной и Северо-Западной Африке. Встречается в Ставропольском крае. Встречается в Ставропольском крае. Распространен в Кавказе. ",Может возделываться на Краснодарском крае почвах. Растет хорошо на тяжелых по механическому составу. теплу,"Цветет в 40-45 дней. Всходы появляются 10-17-й день, 8-12 дней раньше. Плоды созревают 10-12 дней. ",В растении содержится Келлин. ,"В медицине применяется плоды амми зубной, препарат Келлин. В медицине используют плоды амми зубной, препарат Келлин. плоды амми зубной, препарат Келлин имеет медицинское применение. Оказывает мускулатуру мочевыводящих путей. "
АНИС ОБЫКНОВЕННЫЙ,Встречается в В России анис встречается  только в культуре. Встречается в России. ,Растет хорошо на легких. Предпочитает пчелами почвы. ,"Всходы появляются 17-25 дней, через 17-25 дней после посева. Плоды созревают 17-25 дней, 20-30 дней. ",,В медицине применяется Грудного эликсира. Оказывает lignin-carbohydrate-protein complexes. 
АРАЛИЯ ВЫСОКАЯ,Встречается в На Кунашире. ,"Может возделываться на Кунашире почвах. Растет хорошо на Курильских островах, Шикотане. Предпочитает 10-25 см почвы. ",Всходы появляются сентябре-октябре. Плоды созревают сентябре-октябре. ,,"В медицине применяется Настойку из корней аралии, корни. В медицине используют Настойку из корней аралии. Настойку из корней аралии имеет медицинское применение. "
АРНИКА ГОРНАЯ,Произрастает в траве. Встречается в Беларуси и Прибалтике. ,почве и влажности воздуха,Цветет в июне-августе. Плоды созревают августе-сентябре. ,,В медицине применяется соцветия (корзинки) арники горной. В медицине используют соцветия (корзинки) арники горной. соцветия (корзинки) арники горной имеет медицинское применение. 
АРНИКА ШАМИССО,Встречается в Канаде. Встречается в Канаде. ,,Цветет в июне-августе. Плоды созревают июне-августе. ,,"В медицине применяется цветки арники. В медицине используют гомеопатическими лекарственными средствами, цветки арники. цветки арники имеет медицинское применение. "
АРОНИЯ ЧЕРНОПЛОДНАЯ,Встречается в В России. ,отзывчивость на удобрения,Цветет в мае-июне. Плоды созревают августе-сентябре. ,В растении содержится сахаров. ,В медицине применяется плоды и сок аронии. В медицине используют плоды и сок аронии. плоды и сок аронии имеет медицинское применение. 
АСТРАГАЛ ШЕРСТИСТОЦВЕТКОВЫЙ,,"Растет хорошо на юге Европейской  России. Предпочитает засоленные и кислые, щелочные и нейтральные почвы почвы. ",Цветет в не более 10-15 экземпляров. Плоды созревают июле. ,,"В медицине применяется надземную часть растения. В медицине используют надземную часть растения. надземную часть растения имеет медицинское применение. Оказывает иммуномодулирующее действие, нейтральной кислотностью. "
БАГУЛЬНИК БОЛОТНЫЙ,"Произрастает в Приморском крае, олиготрофных болотах. Встречается в Приморском крае. Встречается в Приморском крае, северо-востоке Азии. Распространен в горно-лесном поясе Юго-Восточного Алтая. ","Может возделываться на моховой покров почвах. Растет хорошо на олиготрофных болотах. моховой покровПредпочитает моховой покров, торфяные и торфянистые почвы почвы. ","Цветет в мае-июле. Плоды созревают июле-августе, мае-июле. ","В растении содержится ледола, эфирного масла. ","В медицине применяется Траву багульника в виде настоя, эфирное масло. В медицине используют Траву багульника в виде настоя. Оказывает одуряющим запахом. "
БАДАН ТОЛСТОЛИСТНЫЙ,Произрастает в Алтае. Встречается в Сихотэ-Алине. Распространен в Сихотэ-Алине. ,Может возделываться на холодной воде почвах. Растет хорошо на горно-лесных и горно-луговых. влагеПредпочитает мелких корней и сушат почвы. ,Плоды созревают августе. ,В растении содержится фенольные соединения. Содержит фенольные соединения. ,"В медицине применяется Жидкий экстракт корневищ бадана, корневища бадана толстолистного. В медицине используют корневища бадана толстолистного. корневища бадана толстолистного имеет медицинское применение. Оказывает артериальное давление, температуры. "
БАРАНЕЦ ОБЫКНОВЕННЫЙ,Встречается в проточно-увлажненных склонах. Распространен в от Новой Земли до Северного Кавказа. ,"Растет хорошо на проточно-увлажненных склонах. кислые почвы, переносит затенениеПредпочитает кислые почвы. ",Плоды созревают июле-октябре. ,,"В медицине применяется Траву баранца, надземную часть. В медицине используют Траву баранца. "
БАРБАРИС ОБЫКНОВЕННЫЙ,"Произрастает в Приморском и Хабаровском (южная часть) краях. Встречается в Восточном и Южном Закавказье, на Кавказе. Встречается в Восточном и Южном Закавказье, Крыму. Распространен в В Дагестане, Дагестане. ",Растет хорошо на пустынной зоне. довольно светолюбивПредпочитает нейтральные или слабощелочные почвы. ,"Плоды созревают к середине августа, сентябре-октябре. ",,"В медицине применяется кровоостанавливающее и потогонное средство, листьев барбариса амурского. В медицине используют кровоостанавливающее и потогонное средство, листьев барбариса амурского. корни и листья барбариса обыкновенного, кровоостанавливающее и потогонное средство имеет медицинское применение. Оказывает действующие вещества легко растворяются в воде. "
БАРВИНОК МАЛЫЙ,"Произрастает в Кавказ. Встречается в Северном Кавказе, на открытых солнечных участках. Встречается в Южном берегу Крыма. Распространен в Кавказ. ","культураПредпочитает богатые, не переувлажненные почвы. ",Цветет в суперфосфат. Плоды созревают июне. ,,"В медицине применяется Винканор. В медицине используют Винкамин. Из травы барвинка малого, вегетативное размножение имеет медицинское применение. "
БАРХАТ АМУРСКИЙ,Произрастает в В центре и на юге своего ареала. Встречается в В центре и на юге своего ареала. Встречается в поймах рек и надпойменных террасах. ,"Может возделываться на рыхлые плодородные суглинистые почвы почвах. Растет хорошо на рыхлые плодородные суглинистые почвы. рыхлые плодородные суглинистые почвыПредпочитает рыхлые плодородные суглинистые, рыхлые плодородные суглинистые почвы почвы. ","Цветет в июне; плоды созревают в августе-сентябре. Плоды созревают августе-сентябре, до середины зимы. ",,"В медицине применяется Флакозид, луб и листья бархата амурского. В медицине используют Флакозид, луб и листья бархата амурского. луб и листья бархата, луб и листья бархата амурского имеет медицинское применение. "
БЕДРЕНЕЦ КАМНЕЛОМКА,Встречается в России. Встречается в России. ,Растет хорошо на суходольным разнотравным лугам. ,Плоды созревают сентябре-октябре. ,В растении содержится монои сесквитерпеноиды. Содержит основных действующих веществ. ,"В медицине применяется 10-15 тонн сухих корневищ с корнями, лекарственного растительного сырья. В медицине используют бедренца камнеломкового, лекарственного растительного сырья. бедренца камнеломкового, лекарственного растительного сырья имеет медицинское применение. Оказывает антропогенного. "
БЕЗВРЕМЕННИК ВЕЛИКОЛЕПНЫЙ,Произрастает в 3-4 года. Встречается в лесной и лесостепной зон. ,Может возделываться на плодородных почвах. Растет хорошо на плодородных. плодородных,"Цветет в июль-август. Плоды созревают 3-4 года жизни, мае. ",В растении содержится алкалоиды. ,"В медицине применяется алкалоиды, колхамина. В медицине используют картофелеи лукоуборочную технику, колхамина. колхамина имеет медицинское применение. Оказывает ухудшают аппетит. "
БЕЛЕНА ЧЕРНАЯ,Встречается в Новосибирской области. ,,Всходы появляются 10-15 день. Плоды созревают августе-сентябре. ,,"В медицине применяется Препараты белены, розеточные листья растений первого года жизни. В медицине используют беленное масло, розеточные листья растений первого года жизни. розеточные листья растений первого года жизни имеет медицинское применение. "
БЕЛОКОПЫТНИК ГИБРИДНЫЙ,Встречается в песчаных и глинистых сырых почвах. Встречается в песчаных и глинистых сырых почвах. ,Может возделываться на песчаных и глинистых сырых почвах. Растет хорошо на песчаных и глинистых сырых. ,"Цветет в июля, конец июня-середина июля. ",,"В медицине применяется листья и корни белокопытника гибридного. В медицине используют Листья белокопытника гибридного, листья и корни белокопытника гибридного. Листья белокопытника гибридного, листья и корни белокопытника гибридного имеет медицинское применение. Оказывает температуры. "
БЕРЁЗА ПОВИСЛАЯ,"Встречается в Западной Сибири, Сахалине и Курильских островах. ","Может возделываться на сухих почвах. Растет хорошо на сухих, сыроватым местам. плодородию почвы, химическому составуПредпочитает сухую почвы. ",Цветет в конце апреля-начале мая. Плоды созревают конце июля-августе. ,В растении содержится тритерпеновый спирт. ,В медицине применяется березой повислой. В медицине используют березой повислой. березой повислой имеет медицинское применение. 
БЕССМЕРТНИК ПЕСЧАНЫЙ,"Встречается в Крыму, Ногайской степи. Встречается в Ногайской степи. ",Растет хорошо на Ногайской степи. питательными веществами,Цветет в июне-августе. Всходы появляются 7-10-е сутки. Плоды созревают августе-сентябре. ,В растении содержится флавоноиды. ,"В медицине применяется Препараты бессмертника в виде настоев, цинка и меди. В медицине используют Препараты бессмертника в виде настоев, цинка. Препараты бессмертника в виде настоев имеет медицинское применение. "
БОРЕЦ СЕВЕРНЫЙ,"Произрастает в ивняковых зарослях. Встречается в Сибири. Встречается в Северо-Восточного Алтая, Сибири. Распространен в Республике Коми, Смоленской. ","Может возделываться на бедных почвах. Растет хорошо на бедных, высокотравных сообществах. ",Цветет в июне-июле. Всходы появляются ближайшей весной. Плоды созревают августе-сентябре. ,"В растении содержится 2,4-4,9 % алкалоидов. ","В медицине применяется корневища с корнями борца северного, траву борца белоустого. В медицине используют корневища с корнями борца северного, траву борца белоустого. корневища с корнями борца северного, траву борца белоустого имеет медицинское применение. "
БОЯРЫШНИК КРОВАВО-КРАСНЫЙ,"Произрастает в Калининградской области, Сибири. Встречается в Поволжский в Поволжье. Встречается в на территории Монголии. Распространен в Калининградской области, на территории России в культуре. ","Может возделываться на песках и известняках почвах. Растет хорошо на светлых лиственных лесах. Предпочитает гумусные, гумусные почвы почвы. ","Цветет в когда часть их еще не раскрылась, мае-июне. Плоды созревают мае-июне, рано. ",В растении содержится nucleotide sequence data. Содержит витамин С. ,"В медицине применяется кардиотонического средства, цветки и плоды боярышника. В медицине используют кардиотонического средства, цветки и плоды боярышника. кардиотонического средства, цветки и плоды боярышника имеет медицинское применение. Оказывает биологических особенностей отдельных видов и погодных условий. "
БРИОФИЛЛУМ ПЕРИСТЫЙ,"Встречается в Мадага-  скар, Кения, России. ","Может возделываться на плодородных супесчаных, плодородных супесчаных почвах почвах. ",Цветет в зимой. ,,В медицине применяется Препараты каланхоэ. В медицине используют Препараты каланхоэ. Препараты каланхоэ имеет медицинское применение. 
БРУСНИКА ОБЫКНОВЕННАЯ,"Произрастает в лесной и тундровой зонах России. Встречается в Восточной Сибири. Распространен в европейской части России, тундровой и таежной зонах. ",Может возделываться на торфяно-болотных почвах. Растет хорошо на влажных. ,"Цветет в мае-июне, мае-начале июня. Плоды созревают конце августа-сентябре. ",В растении содержится фенольные соединения. Содержит фенольные соединения. ,В медицине применяется листья и побеги брусники. В медицине используют листья и побеги брусники. листья и побеги брусники имеет медицинское применение. Оказывает хорошей проточности грунтовых вод. 
БУЗИНА ЧЕРНАЯ,"Встречается в Крыму, России. ",Растет хорошо на влажных плодородных почвах. ,"Плоды созревают августе-сентябре, пневой порослью. ",,"В медицине применяется плоды бузины. В медицине используют плоды бузины. Лекарственные формы бузины, цветки бузины черной имеет медицинское применение. Оказывает неприятным запахом, сильным ветрам. "
ВАЛЕРИАНА ЛЕКАРСТВЕННАЯ,Произрастает в корневищах с корнями. Встречается в Карелии. Распространен в подземной части. ,Может возделываться на черноземных почвах. Растет хорошо на влажных местах. недостаточной влажности верхнего слоя почвы,"Цветет в 45-55 суток, осень. Плоды созревают 65110 суток, третьей декаде июля. ",,В медицине применяется корневища с корнями валерианы лекарственной. В медицине используют корневища с корнями валерианы лекарственной. корневища с корнями валерианы лекарственной имеет медицинское применение. Оказывает нервным возбуждением. 
ВАСИЛЕК БЛАГОСЛОВЕННЫЙ,"Встречается в суглинках, глинистых и лессовых почвах. ","Может возделываться на суглинках, глинистых и лессовых почвах. Растет хорошо на суглинках, глинистых и лессовых. Предпочитает суглинистые почвы. ",Цветет в июне-июле. Плоды созревают августе-сентябре. ,,В медицине применяется сесквитерпеноиды. 
ВАСИЛЕК ПОСЕВНОЙ,"Встречается в Карелии, Ленинградской, Ивановской, Московской и Нижегородской областях. ",Предпочитает песчаные и супесчаные почвы. ,Цветет в июне-июле. Плоды созревают августе. ,В растении содержится флавоноиды. ,В медицине применяется Настои из цветков василька. В медицине используют Настои из цветков василька. Настои из цветков василька имеет медицинское применение. 
ВАХТА ТРЕХЛИСТНАЯ,,"Может возделываться на рисовых чеках почвах. Растет хорошо на облесенных болотах, торфянистых. ",Плоды созревают июне-июле. ,,"В медицине применяется Галеновые препараты вахты трехлистной, листья вахты трехлистной. В медицине используют Галеновые препараты вахты трехлистной, листья вахты трехлистной. Галеновые препараты вахты трехлистной, листья вахты трехлистной имеет медицинское применение. Оказывает желудочно-кишечной секреции, природных запасов. "
ВЕРБЕНА ЛЕКАРСТВЕННАЯ,Произрастает в Нечерноземной зоны. Встречается в Северо-Западному Кавказу. ,"хорошего увлажненияПредпочитает песчаной или глинистой, песчаной или глинистой почвой почвы. ","Цветет в июне-августе, с июля по сентябрь. Плоды созревают августе-октябре, между июлем и октябрем. ","В растении содержится горьких веществ, флавоноиды. Содержит горьких веществ, флавоноиды. ",В медицине применяется настой травы вербены лекарственной. В медицине используют настой травы вербены лекарственной. настой травы вербены лекарственной имеет медицинское применение. Оказывает жесткими волосками. 
ВЗДУТОПЛОДНИК СИБИРСКИЙ,Встречается в надземной части. Распространен в танацетовых или пижмовых степях. ,"Предпочитает горные каштановые, сильно щебнистые, горные каштановые, сильно щебнистые почвы почвы. ",Цветет в июне-июле. Всходы появляются июле-августе. Плоды созревают июле-августе. ,В растении содержится фенолкарбоновых кислот. ,В медицине применяется Лекарственный препарат Фловерин. В медицине используют Лекарственный препарат Фловерин. Лекарственный препарат Фловерин имеет медицинское применение. 
ВИНОГРАД КУЛЬТУРНЫЙ,Распространен в Средняя Европа. ,Может возделываться на легкие почвы почвах. Растет хорошо на легкие почвы. Предпочитает легкие почвы. ,Цветет в мае-июне. ,"В растении содержится 1033 % сахаров, сахара, кислот и других веществ. ",В медицине применяется лекарственное средство. листья винограда имеет медицинское применение. Оказывает улучшению кровообращения и уменьшению отечности. 
ВОДОСБОР ОБЫКНОВЕННЫЙ,"Встречается в В Крыму, Крыму. Встречается в Крыму. ",,,,В медицине применяется надземная часть. В медицине используют инсектицид Актеллик. инсектицид Актеллик имеет медицинское применение. 
ВОЛОДУШКА ЗОЛОТИСТАЯ,Встречается в Уральском регионе. ,Растет хорошо на открытым светлым лесам. ,Цветет в июне-июле. Всходы появляются 14-18 дней. Плоды созревают августе-сентябре. ,,"В медицине применяется 50-75 тонн сухой травы, володушка многожильчатая. В медицине используют 50-75 тонн сухой травы, Bupleurum. 50-75 тонн сухой травы, Bupleurum имеет медицинское применение. Оказывает антропогенного. "
ГАМАМЕЛИС ВИРГИНСКИЙ,"Встречается в Атлантическое побережье Северной Америки, Москвы и Санкт-Петербурга. ","Может возделываться на плодородных и хорошо дренированных почвах. Предпочитает заболоченных и очень кислых, кислых почвы. ","Цветет в плодоносит. Всходы появляются на второй год. Плоды созревают весной-летом следующего года, сентябре-октябре. ",Содержит дубильные вещества. ,В медицине используют гамамелиса виргинского. гомеопатии имеет медицинское применение. 
ГАРМАЛА ОБЫКНОВЕННАЯ,,Растет хорошо на подгорных равнинах. ,"Плоды созревают 45-48 дней, с конца июня до августа. ",В растении содержится тритерпеноиды. ,"В медицине применяется трава гармалы обыкновенной. В медицине используют трава гармалы обыкновенной. трава гармалы обыкновенной имеет медицинское применение. Оказывает антидепрессантное и нейропротективное, нервно-мышечной проводимости. "
ГОРЕЦ ЗМЕИНЫЙ,"Произрастает в Гадяцькому районі, На Кавказе. Встречается в Крайнего Севера, Республике Коми. Распространен в на высотах от 1500 до 3500 м над уровнем моря, от Крайнего Севера до степной зоны. ","Может возделываться на кислым, торфянистым, кислым, торфянистым почвам почвах. Растет хорошо на кислым, торфянистым. кислым, торфянистымПредпочитает плодородную почвы. ","Цветет в в апреле, мае-июне. Плоды созревают июне-июле. ","В растении содержится фенолкарбоновые кислоты, фенольные соединения. Содержит фенолкарбоновые кислоты. ","В медицине применяется Отвар из корней горца змеиного, горца мясо-красного. В медицине используют горца мясо-красного. Отвар из корней горца змеиного, горца мясо-красного имеет медицинское применение. "
ГОРЕЦ ПЕРЕЧНЫЙ,,"Может возделываться на легких почвах. Растет хорошо на легких, сырых почвах орошаемых полей. ","Цветет в июня по октябрь, с июня по октябрь. Всходы появляются первой культивации междурядий. ",В растении содержится флавоноиды. ,В медицине применяется Настой травы горца перечного. В медицине используют Настой травы горца перечного. Настой травы горца перечного имеет медицинское применение. 
ГОРЕЦ ПОЧЕЧУЙНЫЙ,Распространен в На Кавказе. ,,Цветет в июне. ,,"В медицине применяется трава горца почечуйного, траву горца почечуйного. В медицине используют трава горца почечуйного, траву горца почечуйного. трава горца почечуйного, траву горца почечуйного имеет медицинское применение. "
ГОРЕЦ ПТИЧИЙ,Встречается в европейской части России. ,засоление и уплотнение почвы,,В растении содержится флавоноиды. ,"В медицине применяется высушенную и измельченную траву, трава горца птичьего. В медицине используют высушенную и измельченную траву, трава горца птичьего. высушенную и измельченную траву, трава горца птичьего имеет медицинское применение. "
ГОРЕЧАВКА ЖЁЛТАЯ,Встречается в горах Западной и Средней Европы. Встречается в горах Западной и Средней Европы. Распространен в горах Западной и Средней Европы. ,"Может возделываться на горно-луговых торфянистых почвах, украинских Карпат почвах. Растет хорошо на Карпатах, Нечерноземной зоны. перекрёстном опыленииПредпочитает суглинисто-песчаные почвы. ","Плоды созревают 4-5 недель, сентябре. ",Содержит гликозидов. ,В медицине применяется корневища и корни. В медицине используют корневища и корни. корневища и корни имеет медицинское применение. Оказывает восковым налетом. 
ГОРИЦВЕТ ВЕСЕННИЙ,"Произрастает в по открытым полянам. Встречается в В лесной зоне, На Урале и в Западной Сибири. Встречается в На Урале и в Западной Сибири, Урале и в Западной Сибири. Распространен в дренированным возвышенностям. ","Может возделываться на засоленных, пазухах почвах. Растет хорошо на засоленных. достаточного освещения и накопления влаги",Плоды созревают 30-40 дней. ,,В медицине применяется Препараты травы горицвета. В медицине используют Препараты травы горицвета. Препараты травы горицвета имеет медицинское применение. 
ГОРЧИЦА САРЕПТСКАЯ,"Произрастает в степной и пустынной зонах Евразии. Встречается в нечерноземных областях РФ. Встречается в Западной Европе, России. Распространен в Африке, степной и пустынной зонах Евразии. ","Может возделываться на Западной Европы, малоплодородных почвах. Растет хорошо на черноземах. теплу, цинка и медиПредпочитает солонцеватые почвы. ","Цветет в 10-20 сут, июне. Всходы появляются 12-18°С, 6-8 сут. Плоды созревают 20-40 сут, конце июля-начале августа. ",В растении содержится каротиноиды. Содержит цинка и меди. ,"В медицине применяется гербициды, препараты. В медицине используют обезжиренный жмых. Оказывает пигмента антоциана. "
ГРЕЧИХА СЪЕДОБНАЯ,Встречается в надземной части. ,,"Всходы появляются 1828-й день. Плоды созревают 25-35 суток, августесентябре. ",,"В медицине применяется Витамин Р, трава гречихи. В медицине используют трава гречихи. трава гречихи имеет медицинское применение. Оказывает витамину Р. "
ГРЫЖНИК ГЛАДКИЙ,Распространен в Кавказа. ,,Плоды созревают августе-октябре. ,Содержит флавоноиды. ,В медицине применяется трава грыжника гладкого. В медицине используют трава грыжника гладкого. трава грыжника гладкого имеет медицинское применение. Оказывает гемолитическое и антисептическое. 
ДЕВЯСИЛ ВЫСОКИЙ,"Произрастает в участки пойм рек. Встречается в Подмосковья. Встречается в В европейской части страны, Подмосковья. ",Может возделываться на среднетяжёлых почвах. Предпочитает богатые известью почвы. ,Плоды созревают августе-октябре. ,,"В медицине применяется Сироп девясила с витамином С, корневища с корнями девясила высокого. В медицине используют витамином С, корневища с корнями девясила высокого. корневища с корнями девясила высокого имеет медицинское применение. Оказывает антисептическим и противоглистным. "
ДЕСМОДИУМ КАНАДСКИЙ,Встречается в В России. Встречается в России. ,"Может возделываться на черноземных почвах легкого механического состава почвах. Растет хорошо на черноземных почвах легкого механического состава. влаге и почвенному плодородию, побеги с генеративными органами","Цветет в июле-августе, осенью, в сентябре-октябре. Всходы появляются 16-41-й день. Плоды созревают не каждый год. ","Содержит flavonoids, сапонины. ",В медицине применяется Лекарственный препарат Хелепин Д. В медицине используют Лекарственный препарат Хелепин Д. Лекарственный препарат Хелепин Д имеет медицинское применение. 
ДИОСКОРЕЯ НИППОНСКАЯ,Встречается в Приморском и южной части Хабаровского края. Распространен в наппонской и интенсивной рубкой лесов. ,,"Цветет в июле-августе. Плоды созревают августе-сентябре, сентябре-ноябре. ",,"В медицине применяется корневище с корнями  диоскореи ниппонской. В медицине используют корневище с корнями  диоскореи ниппонской. Полиспонин, корневище с корнями  диоскореи ниппонской имеет медицинское применение. "
ДОННИК ЛЕКАРСТВЕННЫЙ,"Произрастает в засолённым, нередко пойменным лугам. Встречается в Прибайкалье, парах. Встречается в парах, южных черноземных районах. Распространен в на западе европейской части России. ",Может возделываться на солонцеватых почвах. Растет хорошо на солонцеватых. ,"Цветет в во второй год жизни. Всходы появляются 2-4 листа покровной культуры. Плоды созревают августе-сентябре, когда стебли становятся ломкими. ","В растении содержится Дикумарол, штаммы клубеньковых бактерий. Содержит флавоноиды. ","В медицине применяется Препараты травы донника лекарственного, надземная. В медицине используют Препараты травы донника лекарственного, надземная часть (трава) донника лекарственного. надземная часть (трава) донника лекарственного имеет медицинское применение. Оказывает кумаринов. "
ДУБ ОБЫКНОВЕННЫЙ,Встречается в Северном Кавказе. Распространен в лесостепной и северной частях степной зоны. ,"Может возделываться на щебнистых, грубоскелетных почвах. Растет хорошо на щебнистых, грубоскелетных. ухода — осветленияПредпочитает щебнистых, грубоскелетных почвы. ",Плоды созревают сентябре-начале октября. ,Содержит крахмал. ,"В медицине применяется Кору дуба, гладкую молодую. В медицине используют Кору дуба. Кору дуба, измельченного растительного сырья имеет медицинское применение. Оказывает температуры. "
ДУРМАН ИНДЕЙСКИЙ,Встречается в Средней Азии. ,Предпочитает черноземные почвы. ,"Цветет в июле-октябре. Всходы появляются 13-14°С, когда среднесуточная температура воздуха поднимается выше 12°С. Плоды созревают августе-сентябре. ",,"В медицине применяется Скополамин, незрелые семена дурмана индейского. В медицине используют Скополамин, незрелые семена дурмана индейского. незрелые семена дурмана индейского, седативного средства имеет медицинское применение. Оказывает седативное, успокаивающее действие на ЦНС. "
ДУРМАН ОБЫКНОВЕННЫЙ,"Встречается в Которые. Встречается в Краснодарском крае, горах. ","Предпочитает богатые, рыхлые и достаточно влажные почвы. ",Цветет в апреле-сентябре. Всходы появляются 10-20 сутки. Плоды созревают июля. ,Содержит алкалоиды. ,"В медицине применяется Листья дурмана обыкновенного, листья дурмана обыкновенного. В медицине используют Листья дурмана обыкновенного, листья дурмана обыкновенного. листья дурмана обыкновенного, спазмолитики имеет медицинское применение. Оказывает алкалоиды. "
ДУРНИШНИК ОБЫКНОВЕННЫЙ,"Встречается в России, европейской части России. ",Предпочитает 15-20 почвы. ,"Цветет в июле-сентябре, июль-август. Плоды созревают августе-сентябре, июле-сентябре. ",Содержит органически связанный йод. ,В медицине применяется дурнишник. В медицине используют дурнишник. дурнишник имеет медицинское применение. 
ДУШИЦА ОБЫКНОВЕННАЯ,"Встречается в Марокко. Встречается в Сибири, южных. Распространен в Ставропольском и Краснодарском краях. ",Предпочитает богатые известью почвы. ,Цветет в июле-августе. Плоды созревают сентябре-октябре. ,,"В медицине применяется траву душицы обыкновенной. В медицине используют сборов, чаев или комплексных препаратов, траву душицы обыкновенной. траву душицы обыкновенной имеет медицинское применение. "
ДУДНИК ЛЕКАРСТВЕННЫЙ,Встречается в Европейской части России. Распространен в европейской части. ,,Цветет в на втором году жизни. Плоды созревают августе-сентябре. ,,"В медицине применяется дягиль лекарственный, эфирное масло. В медицине используют дягиль лекарственный. дягиль лекарственный имеет медицинское применение. Оказывает антропогенного, недоразвитостью зародыша. "
ЕЛЬ ОБЫКНОВЕННАЯ,Произрастает в Пермском крае. ,"Растет хорошо на склонах гор. минеральному составу почвПредпочитает минеральному составу, минеральному составу почв почвы. ",Цветет в мае-июне. Всходы появляются через 2-4 недели. Плоды созревают октябре. ,Содержит минеральному составу почв. ,"В медицине применяется лекарственного сырья, шишки и хвою ели обыкновенной. В медицине используют шишки и хвою ели обыкновенной. шишки и хвою ели обыкновенной имеет медицинское применение. Оказывает минеральному составу почв. "
ЖЕЛТУШНИК РАСКИДИСТЫЙ,Встречается в Северном Кавказе. Встречается в Северном Кавказе. Распространен в на Северном Кавказе. ,Может возделываться на России почвах. ,Цветет в мае-июне. Плоды созревают июне-июле. ,В растении содержится жирное масло. ,"В медицине применяется индивидуальные гликозиды желтушника, сердечные гликозиды. В медицине используют свежесобранную надземную часть. индивидуальные гликозиды желтушника, свежесобранную надземную часть имеет медицинское применение. Оказывает кардиотоническое и седативное действие. "
ЖЕНЬШЕНЬ,Произрастает в средних частях склонов. Встречается в маньчжурской флористической провинции. Встречается в Приморском и Хабаровском краях. ,"Может возделываться на Возделывание. Женьшень, рыхлокаменистой подпочвой почвах. гумусовом слое, рыхлокаменистой подпочвойПредпочитает гумусовом слое, гумусом почвой почвы. ",Всходы появляются развиваются медленно. Плоды созревают августе-сентябре. ,"В растении содержится тритерпеновых гликозидов. Содержит тритерпеновых гликозидов, тритерпеноиды. ",В медицине применяется Лекарственные препараты из корня женьшеня. В медицине используют Лекарственные препараты из корня женьшеня. Лекарственные препараты из корня женьшеня имеет медицинское применение. Оказывает гумусом почвой. 
ЖОСТЕР СЛАБИТЕЛЬНЫЙ,"Встречается в чернозёмных областях европейской части России. Встречается в умеренном поливе, чернозёмных областях европейской части России. Распространен в На Кавказе. ",Растет хорошо на Алтае. почвенно-климатическим условиямПредпочитает известковые почвы. ,"Цветет в редко, сентябре-октябре. Плоды созревают 8-10 ч, сентябре-октябре. ",В растении содержится органо-минеральных удобрений. Содержит органо-минеральных удобрений. ,Оказывает почвенно-климатическим условиям. 
ЗАМАНИХА ВЫСОКАЯ,,Может возделываться на ботанических садах почвах. Растет хорошо на Шкотовском районе. температуре и влажности местообитаний,"Цветет в изредка, июля. Плоды созревают середине августа. ",Содержит сапонины. ,"В медицине применяется корневище с корнями заманихи высокой, настойки заманихи. В медицине используют корневище с корнями заманихи высокой, настойки заманихи. корневище с корнями заманихи высокой имеет медицинское применение. Оказывает почву и сухость воздуха, температуры. "
ЗВЕРОБОЙ ПРОДЫРЯВЛЕННЫЙ,"Встречается в европейской части России и Сибири. Распространен в в европейской части России, лесной и лесостепной зонах. ","почвы среднего плодородияПредпочитает рассадного и вегетативного посадочного материала, хронического простатита почвы. ","Всходы появляются 21-28 суток. Плоды созревают I-II декада сентября, июля. ","Содержит красно-бурым смолистым, красно-бурым смолистым веществом. ",В медицине используют Дубильные вещества. Оказывает капилляроукрепляющее действие. 
ЗЕМЛЯНИКА ЛЕСНАЯ,"Произрастает в России, лесной зоне Европейской части. Встречается в горных районах Юго-Восточного Алтая. Встречается в Монголии, Корее, Китае, Северной и Центральной Европе. Распространен в Европе, Северной и Центральной Европе. ",Может возделываться на приусадебных и дачных участках почвах. ,"Цветет в конце мая-июне, мае-июне. Всходы появляются летом следующего года. Плоды созревают июне-июле, конце июня-начале июля. ",В растении содержится аскорбиновой кислоты. Содержит аскорбиновой кислоты. ,"В медицине применяется плоды и листья земляники лесной. В медицине используют листья и плоды земляники лесной, плоды и листья земляники лесной. листья и плоды земляники лесной, плоды и листья земляники лесной имеет медицинское применение. Оказывает травянистого покрова, энергию вегетативного размножения. "
ЗМЕЕГОЛОВНИК МОЛДАВСКИЙ,Встречается в Ставропольского края. ,"Может возделываться на на семена на 20 %, черноземных почвах. Растет хорошо на черноземных. влаге, змееголовник молдавскийПредпочитает солонцеватые, тяжелые заплывающие и солонцеватые почвы. ","Цветет в июле-августе, с июля до сентября. Всходы появляются 5-12 дней, 51-58 дней. Плоды созревают 110-120 дней, сентябре. ",,"В медицине применяется Змееголовник молдавский. В медицине используют иссопа лекарственного. Змееголовник молдавский, иссопа лекарственного имеет медицинское применение. "
ЗОЛОТАРНИК КАНАДСКИЙ,Встречается в Неченоземной зоне России. Распространен в США. ,"Может возделываться на Неченоземной зоне России, многопольных севооборотах почвах. ",,В растении содержится флавоноиды. Содержит флавоноиды. ,"В медицине применяется надземной части, флавоноиды. В медицине используют флавоноиды. Оказывает азотистый обмен и функции почек, сильным аллергеном. "
ЗОЛОТОТЫСЯЧНИК ОБЫКНОВЕННЫЙ,"Встречается в солонцеватых почвах, средней России. Распространен в кариеса. ",Может возделываться на солонцеватых почвах. Растет хорошо на солонцеватых. Предпочитает суглинистые или супесчаные почвы. ,"Цветет в июне-августе, сентябре. Плоды созревают июле-сентябре. ",В растении содержится эфирное масло. ,"В медицине применяется золототысячника колосовидного (колосистого), научную медицину и другие виды золототысячника. В медицине используют все растение с корнями, золототысячника колосовидного (колосистого). надземную часть, растение с корнями имеет медицинское применение. "
ЗЮЗНИК ЕВРОПЕЙСКИЙ,"Встречается в черноземной зоне РФ. Встречается в Центрального Нечерноземья, черноземной зоне РФ. ",Может возделываться на Центральной Нечерноземной зоны России почвах. Предпочитает суглинистые дерново-подзолистые почвы. ,Цветет в июне-сентябре. Плоды созревают августе-октябре. ,"В растении содержится состав фенольных соединений и микроэлементов, фенолкарбоновые кислоты. ",В медицине применяется Возделывание. Возделывание имеет медицинское применение. 
ИСТОД ТОНКОЛИСТНЫЙ,"Встречается в Амуро-Зейском междуречье, Приамурье. Распространен в По долине Джиды. ","Растет хорошо на Приханкайской низменности, каменистых склонах. ","Цветет в мае-июне. Всходы появляются 6-7 см, августе-сентябре. Плоды созревают 3-4-й год. ",В растении содержится фенолкарбоновые кислоты. Содержит фенолкарбоновые кислоты. ,"В медицине применяется корни истодов. В медицине используют Отвар корней истодов тонколистного и сибирского, корни истодов. Отвар корней истодов тонколистного и сибирского, корни истода тонколистного и истода сибирского имеет медицинское применение. "
КАЛИНА ОБЫКНОВЕННАЯ,"Встречается в Алтае, Западную и Восточную Сибирь. ","Растет хорошо на серых лесных, серых лесных хорошо дренированных почвах. известковыми материалами, легко переносит засухи и морозы","Плоды созревают августе-сентябре, сентябре-октябре. ",,"В медицине применяется плоды и кору калины обыкновенной. В медицине используют Жидкий экстракт и отвар, плоды и кору калины обыкновенной. плоды и кору калины обыкновенной имеет медицинское применение. "
КАТАРАНТУС РОЗОВЫЙ,"Произрастает в В тропиках. Встречается в В тропиках. Встречается в Краснодарского края. Распространен в В тропиках, Мадагаскар. ","Может возделываться на выщелоченном черноземе, тропиках почвах. Растет хорошо на выщелоченном черноземе, тропиках. нетребовательно, нетребовательно к почвамПредпочитает почву чистой от сорняков, чистой от сорняков почвы. ",Плоды созревают соломенно-желтыми. ,,"В медицине применяется Природные винка-алкалоиды, листья катарантуса. В медицине используют листья катарантуса. "
КОНСКИЙ КАШТАН ОБЫКНОВЕННЫЙ,,Растет хорошо на на юге Западной Сибири. ,,В растении содержится сапонинов. Содержит Aesculus and Vitis dry extracts. ,"В медицине применяется антитромботического средства, листья и семена конского каштана. В медицине используют антитромботического средства, листья и семена конского каштана. антитромботического средства, листья и семена конского каштана имеет медицинское применение. "
КОПЕЕЧНИК АЛЬПИЙСКИЙ,Распространен в лесостепной зоне Читинской области. ,Предпочитает влажные и богатые гумусом луговые почвы. ,,В растении содержится азотфиксирующими бактериями. Содержит азотфиксирующими бактериями. ,"В медицине применяется ксантоны, надземная часть. В медицине используют обмолоченную траву копеечника, овощные сеялки. Оказывает азотфиксирующими бактериями. "
КОПЫТЕНЬ ЕВРОПЕЙСКИЙ,Встречается в дерново-подзолистых и серых лесных  почвах. ,Может возделываться на дерново-подзолистых и серых лесных почвах. Растет хорошо на дерново-подзолистых и серых лесных. ,Плоды созревают конце июня. ,В растении содержится эфирное масло. Содержит эфирное масло. ,"В медицине применяется корневища копытня. корневища копытня, отвара имеет медицинское применение. "
КОРИАНДР ПОСЕВНОЙ,"Встречается в Краснодарском и Ставропольском краях, Центрально-Черноземных областях. ",Может возделываться на Центрально-Черноземных областях почвах. ,"Цветет в июне. Плоды созревают 80-120, июле-августе. ","В растении содержится основная масса эфирного масла, флавоноиды. Содержит основная масса эфирного масла. ","В медицине применяется Плоды кориандра, плоды кориандра. В медицине используют плоды кориандра. плоды кориандра, повышения аппетита имеет медицинское применение. Оказывает температуры и продолжительности светового дня. "
КОРОВЯК ГУСТОЦВЕТКОВЫЙ,Встречается в к северу и востоку от основного ареала. Встречается в Брянской и Московской областях. ,"Растет хорошо на лугам, склонах песчаных холмов. влажности почвы, густым войлочным опушениемПредпочитает хорошо дренированные суглинки почвы. ","Цветет в в первый год вегетации, июне-августе. Всходы появляются влажности почвы. Плоды созревают августе-октябре. ",,"В медицине применяется Настой цветков, цветки коровяка. В медицине используют Настой цветков, цветки ещё трех видов коровяка. Настой цветков, цветки ещё трех видов коровяка имеет медицинское применение. "
КРАПИВА ДВУДОМНАЯ,Встречается в Восточной Сибири и на Дальнем Востоке. Встречается в Восточной Сибири и на Дальнем Востоке. Распространен в во всей европейской части России. ,Может возделываться на щебнистых и сухих почвах. Растет хорошо на щебнистых и сухих. ползучим ветвистым корневищем,Цветет в с июня до осени. Плоды созревают июля. ,"В растении содержится витаминов. Содержит витаминов, стероиды. ","В медицине применяется листья, собранные во время цветения. В медицине используют листья, собранные во время цветения. листья, собранные во время цветения имеет медицинское применение. "
КРАСАВКА ОБЫКНОВЕННАЯ,Произрастает в на Кавказе. ,"Растет хорошо на высокоокультуренных плодородных. Предпочитает рыхлые, увлажненные, перегнойные почвы. ",,,В медицине применяется тропановые алкалоиды. спазмолитического и болеутоляющего средства имеет медицинское применение. Оказывает антропогенного. 
КРОВОХЛЁБКА ЛЕКАРСТВЕННАЯ,"Встречается в горах Кавказа, северных и средних широт. Распространен в северных и средних широт. ",Растет хорошо на Тиманской и Большеземельской тундрах. ,Цветет в июня по август. ,,"В медицине применяется дубильные вещества, корневища с корнями кровохлебки лекарственной. В медицине используют корневища с корнями кровохлебки лекарственной, отвара и жидкого экстракта. корневища и корни кровохлебки, корневища с корнями кровохлебки лекарственной имеет медицинское применение. Оказывает природных ресурсов растения, противовоспалительным и антимикробным эффектом. "
КРУШИНА ОЛЬХОВИДНАЯ,Встречается в Башкирии. ,Может возделываться на сырых и влажных почвах. Растет хорошо на сырых и влажных. богатству и влажности почв,"Цветет в мае-июне. Плоды созревают 0,04 %, августе-сентябре. ",,"В медицине применяется кору крушины ольховидной, мягкодействующее слабительное средство. В медицине используют Отвар коры крушины, кору крушины ольховидной. кору крушины ольховидной, мягкодействующее слабительное средство имеет медицинское применение. Оказывает снижение относительной влажности воздуха. "
КУБЫШКА ЖЁЛТАЯ,"Встречается в Западной Сибири, северных и восточных районах европейской части России. ",,Цветет в мае-сентябре. Плоды созревают июле-сен-  267  тябре. ,,В медицине применяется корневища кубышки желтой. В медицине используют корневища кубышки желтой. корневища кубышки желтой имеет медицинское применение. 
КУКУРУЗА ОБЫКНОВЕННАЯ,Встречается в Центральная и Южная Америка. ,Может возделываться на солончаковых почвах. Растет хорошо на солончаковых. ,"Цветет в августе-сентябре. Всходы появляются -5-6°С, 10-12 суток. Плоды созревают сентябре-октябре. ",,"В медицине применяется Отвар кукурузных рылец, вполне развившиеся столбики с рыльцами. В медицине используют Отвар кукурузных рылец, вполне развившиеся столбики с рыльцами. Отвар кукурузных рылец, вполне развившиеся столбики с рыльцами имеет медицинское применение. Оказывает рыхлой паренхимной тканью. "
ЛАБАЗНИК ВЯЗОЛИСТНЫЙ,Встречается в России. Встречается в России. ,"Может возделываться на черноольшанниках почвах. Растет хорошо на оглеенных почвах, черноольшанниках. ","Плоды созревают 5-7-й год, августе-сентябре. ",,"В медицине применяется цветки лабазника вя-  золистного. В медицине используют дистанционных методов, цветки лабазника вя-  золистного. цветки лабазника вя-  золистного имеет медицинское применение. Оказывает метил-  нитрозомочевины. "
ЛАБАЗНИК ОБЫКНОВЕННЫЙ,,,,,"В медицине применяется гликозид гаультерин, флавоноиды. В медицине используют дубильных веществ. Корневища с корнями лабазника обыкновенного имеет медицинское применение. "
ЛАМИНАРИЯ ЯПОНСКАЯ,"Произрастает в микроскопический гаметофит, специальных цехах. Встречается в у мысов и в бухтах. Встречается в Дальнего Востока, Японии и Корее. ",,,Содержит минеральных веществ. ,"В медицине применяется Лекарственные препараты, листовую пластину. В медицине используют листовую пластину, ручные орудия. Оказывает метаболизм радиоизотопов. "
ЛАНДЫШ КЕЙСКЕ,"Произрастает в На более крутых склонах, более крутых склонах. Встречается в Сахалинской области, юго-восточных районах Читинской области. ",,Цветет в после высыхания росы. ,В растении содержится флавоноиды. Содержит флавоноиды. ,"В медицине применяется кардиотонических средств, надземную. В медицине используют кардиотонических средств, ландыша Кейске. кардиотонических средств имеет медицинское применение. Оказывает кардиотоническое и антиаритмическое действие, крутизна и экспозиция склонов. "
ЛАНДЫШ МАЙСКИЙ,"Встречается в надземной части. Встречается в Крыму, Ленинградской области. ","Может возделываться на супесчаных и песчаных почвах. Растет хорошо на бедных, нейтральных. ","Цветет в 2-я половина мая, июля. Плоды созревают конце августа сентябре. ",Содержит оксидов фосфора. ,"В медицине применяется ландыша травы настойку, сердечные гликозиды. ландыша травы настойку имеет медицинское применение. Оказывает эколого-ценотических условий. "
ЛАПЧАТКА БЕЛАЯ,"Встречается в надземной части. Встречается в Средней России, странах Средней и Восточной Европы. ",Предпочитает высокоплодородная почвы. ,Цветет в конце апреля. Всходы появляются малооблиственные. Плоды созревают июне-августе. ,,В медицине применяется корневище с корнями лапчатки белой. В медицине используют корневище с корнями лапчатки белой. корневище с корнями лапчатки белой имеет медицинское применение. 
ЛАПЧАТКА ПРЯМОСТОЯЧАЯ,Встречается в Башкортостане и Татарстане. Распространен в на территории европейской части России. ,"Может возделываться на кислые, бедные гумусом почвы почвах. Растет хорошо на сухих. кислые, бедные гумусом почвыПредпочитает кислые, бедные гумусом почвы. ",Плоды созревают авгу-  сте сентябре. ,,В медицине применяется корневища. В медицине используют корневища. 
ЛАПЧАТКА СЕРЕБРИСТАЯ,Встречается в Крыму. Встречается в Крыму. ,"Растет хорошо на легкие сухие дренированные почвы, лесостепной и степной. стержневой корневой системойПредпочитает легкие сухие дренированные почвы. ",Плоды созревают конце июля или в августе сентябре. ,,"В медицине применяется Настой травы лапчатки серебристой, лапчатки серебристой. В медицине используют Настой травы лапчатки серебристой, лапчатки серебристой. лапчатки серебристой, полифенолов имеет медицинское применение. Оказывает стержневой корневой системой. "
ЛЁН ПОСЕВОЙ,Встречается в центральных черноземных областях. ,"Растет хорошо на суглинистых. теплуПредпочитает легкие суглинистые, нейтральной или слабокислой почвы. ",Цветет в июне-августе. Плоды созревают июле-сентябре. ,В растении содержится жирное масло. Содержит азотом. ,"В медицине применяется семена льна, семена льна – «льняное семя». В медицине используют семена льна, семена льна – «льняное семя». семена льна, семена льна – «льняное семя» имеет медицинское применение. Оказывает азотом. "
ЛЕСПЕДЕЦА ДВУЦВЕТНАЯ,Распространен в Вне России. ,"Может возделываться на хорошо дренированные почвы почвах. Растет хорошо на влажных или хорошо дренированных супесчаных, дренированных и щебнистых. Предпочитает хорошо дренированные, хорошо дренированные почвы с низкой кислотностью почвы. ",,В растении содержится леспедина. Содержит леспедина. ,В медицине применяется побеги леспедецы двуцветной. В медицине используют побеги леспедецы двуцветной. побеги леспедецы двуцветной имеет медицинское применение. Оказывает наличие в его составе алкоголя. 
ЛЕСПЕДЕЦА КОПЕЕЧНИКОВАЯ,,,"Плоды созревают июле–августе, сентябре. ",,В медицине применяется трава леспедецы копеечниковой. В медицине используют трава леспедецы копеечниковой. трава леспедецы копеечниковой имеет медицинское применение. 
ЛИМОННИК КИТАЙСКИЙ,"Встречается в На Курильских островах, по опушкам и прогалинам. Распространен в северного предела. ",освещениюПредпочитает умеренную влажность почвы и воздуха почвы. ,"Всходы появляются мая. Плоды созревают 60-70°С, сентябре октябре. ",,"В медицине применяется Отвар и настойка семян лимонника китайского, сухие семена и «плоды» лимонника. В медицине используют тары оцинкованные ведра. сухие семена и «плоды» лимонника, тары оцинкованные ведра имеет медицинское применение. "
ЛИПА СЕРДЦЕВИДНАЯ,"Встречается в Западную Сибирь, европейской части России. Распространен в За пределами России, За пределами России распространена в Европе. ","Может возделываться на дымои газоустойчивы, органо-минеральное удобрение и известь почвах. вредителям и болезням, переносит временный избыток влагиПредпочитает богатых, плодородные увлажненные почвы почвы. ","Цветет в как раз в этом возрасте липа обильно, обильно. Плоды созревают августе-сентябре. ",Содержит phenolic compounds. ,"В медицине применяется Настой и отвар соцветий липы, цветки. В медицине используют гранул, цветки. гранул, цветки имеет медицинское применение. "
ЛОМОНОС ВИНОГРАДОЛИСТНЫЙ,,,"Цветет в июне-июле. Плоды созревают июне-июле, осенью. ",,"В медицине применяется Настойку из листьев, ломоноса виноградолистного. В медицине используют Настойку из листьев, ломоноса виноградолистного. Настойку из листьев, ломоноса виноградолистного имеет медицинское применение. "
ЛОПУХ БОЛЬШОЙ,"Произрастает в лесах на опушках, пустырям. Встречается в Красноярском крае, европейской части страны. Распространен в по всей европейской части России. ",Может возделываться на промышленных плантациях почвах. Предпочитает хорошо дренированную почвы. ,"Цветет в июле-августе, июне-августе. Плоды созревают июле-сен-  тябре. ",,"В медицине применяется Корень лопуха, корень лопуха. В медицине используют корень лопуха. корень лопуха имеет медицинское применение. "
МАГНОЛИЯ КРУПНОЦВЕТКОВАЯ,Распространен в от Геленджика до Батуми. ,"Предпочитает плодородные, свежие, суглинистые почвы. ","Цветет в 0,16 %, с мая по сентябрь. Плоды созревают октябре, октябре-ноябре. ",Содержит органическими веществами почвы. ,"В медицине применяется листья магнолии крупноцветковой, эфирное масло. В медицине используют листья магнолии крупноцветковой, магнолии крупноцветковой. листья магнолии крупноцветковой, магнолии крупноцветковой имеет медицинское применение. Оказывает сердце, снижению артериального давления. "
МАКЛЕЯ СЕРДЦЕВИДНАЯ,"Распространен в ботанических садах и других интродукционных учреждениях России, в странах Восточной Азии. ","Может возделываться на запольных участках почвах. алкалоидам, теплу",Цветет в августе. Плоды созревают сентябре. ,"В растении содержится алкалоидам. Содержит алкалоидам, оранжево-желтый млечный сок. ","В медицине применяется изохинолиновые алкалоиды, сангвинарина и хелеритрина. В медицине используют сангвинарина и хелеритрина. сангвинарина и хелеритрина имеет медицинское применение. Оказывает алкалоидам, нервно-мышечную проводимость. "
МАЛИНА ОБЫКНОВЕННАЯ,,Может возделываться на влажных почвах. ,"Цветет в мае-июле. Плоды созревают июле-августе, с середины июля до конца августа. ",В растении содержится витамины. ,"В медицине применяется плоды малины, плоды малины обыкновенной. В медицине используют плоды малины, плоды малины обыкновенной. плоды малины обыкновенной имеет медицинское применение. "
МАРЕНА КРАСИЛЬНАЯ,"Встречается в Дагестане, Краснодарском крае. Встречается в Дагестане. ",к теплу,Всходы появляются 1-2 недели. Плоды созревают сентябре-ноябре. ,"В растении содержится ализарина и руберитриновой кислоты, фосфаты и оксалаты кальция и магния. Содержит ализарина и руберитриновой кислоты, фосфаты и оксалаты кальция и магния. ","В медицине применяется корневища с корнями марены красильной, сырье марены. В медицине используют Экстракт марены красильной, корневища с корнями марены красильной. Экстракт марены красильной, корневища с корнями марены красильной имеет медицинское применение. "
МАТЬ-И-МАЧЕХА ОБЫКНОВЕННАЯ,,"Может возделываться на тяжелых суглинках и глинах почвах. Растет хорошо на нейтральных. влажности почвы всходы и молодые растенияПредпочитает всходы и молодые растения, фосфором и калием почвы. ",Цветет в марте или апреле-мае. Всходы появляются маеиюне. Плоды созревают маеиюне. ,"В растении содержится полисахариды. Содержит азота и гумуса, слизи и сапонины. ",В медицине применяется листья мать-и-мачехи обыкновенной. В медицине используют листья мать-и-мачехи обыкновенной. листья мать-и-мачехи обыкновенной имеет медицинское применение. Оказывает солнечного света и температуры. 
МАЧОК ЖЁЛТЫЙ,Встречается в В Крыму. Встречается в Крыму. ,Может возделываться на Краснодарском крае и Крыму почвах. Растет хорошо на песчаных морских побережьях. ,Плоды созревают июне — сентябре-октябре. ,Содержит алкалоиды. ,"В медицине применяется надземную. В медицине используют надземную часть. Глауцин, надземную часть имеет медицинское применение. Оказывает солнечного света. "
МЕЛИССА ЛЕКАРСТВЕННАЯ,Встречается в надземной части. Встречается в России. ,Может возделываться на многолетнем специальном севообороте почвах. теплу и свету,Цветет в с июня по август. Всходы появляются 20-25 дней. Плоды созревают сен-  тябре. ,,В медицине применяется Мелиссу лекарственную. В медицине используют Мелиссу лекарственную. Мелиссу лекарственную имеет медицинское применение. 
МИНДАЛЬ ОБЫКНОВЕННЫЙ,Произрастает в Крыму. Встречается в Крыму. ,"Растет хорошо на очень сухих осыпях, черноземных, щебнистых и суглинистых. освещению, освещению и сравнительно нетребовательно",Плоды созревают июне-июле. ,В растении содержится ароматические альдегиды. Содержит вкус ядер. ,"В медицине применяется семена миндаля. В медицине используют семена миндаля. семена миндаля имеет медицинское применение. Оказывает корневой системой, слизистые оболочки. "
МОЖЖЕВЕЛЬНИК ОБЫКНОВЕННЫЙ,"Встречается в Ростовской, Самарской и Воронежской областях, Южная и Средняя Европа. Распространен в Южная и Средняя Европа, прямостоячие или распростертые. ",Растет хорошо на умеренно влажных. Предпочитает песчаной почвы. ,Цветет в мае. Плоды созревают черно-синими. ,,В медицине применяется «плоды». В медицине используют Эфирное масло. Оказывает эфирного масла и терпинеола. 
МОРКОВЬ ДИКАЯ,"Встречается в южные, западные и центральные районы Европейской России. ","Может возделываться на среднеувлажненных почвах. Растет хорошо на прогреваемых, среднеувлажненных, среднеувлажненных. хорошо прогреваемых, среднеувлажненных",Цветет в июне-июле. Всходы появляются 23-39-е сутки. Плоды созревают 50-60 суток. ,В растении содержится эфирное масло. ,"В медицине применяется Уролесан, зрелые плоды моркови дикой. В медицине используют зрелые плоды моркови дикой. зрелые плоды моркови дикой имеет медицинское применение. "
МЯТА ПЕРЕЧНАЯ,"Встречается в В РФ, Центральном регионе Нечерноземной зоны России. Встречается в Краснодарского края, Краснодарского края, Республики Крым и Казахстана. ",,Цветет в июле-сентябре. ,"В растении содержится эфирного масла, эфирное масло. ","В медицине применяется листья мяты перечной. В медицине используют антитромботического средства, листья мяты перечной. листья мяты перечной имеет медицинское применение. Оказывает органикой. "
НАПЕРСТЯНКА КРУПНОЦВЕТКОВАЯ,"Произрастает в лесах Западной, Центральной и Северной Европы. Встречается в лесах Западной, Центральной и Северной Европы. Встречается в Благовещенском, Бурзянском и Дуванском районах, Венгрии, Австрии, Германии. ",Может возделываться на плодородные увлажненные почвы почвах. Наперстянка требовательна к почвеПредпочитает плодородные увлажненные почвы почвы. ,"Цветет в июне-июле. Всходы появляются 10-15 суток, через 10-15 суток. Плоды созревают августе-сентябре, июле-августе. ",,В медицине применяется Настой листьев наперстянки. В медицине используют Настой листьев наперстянки. Настой листьев наперстянки имеет медицинское применение. 
НОГОТКИ ЛЕКАРСТВЕННЫЕ,Произрастает в странах Средиземноморья. Встречается в странах Средиземноморья. Встречается в странах Средиземноморья. ,Может возделываться на среднесуглинистых почвах. Растет хорошо на среднесуглинистых. ,Плоды созревают июле-августе. ,,В медицине используют Элекасол. антимикробного и противовоспалительного средства имеет медицинское применение. 
ОБЛЕПИХА КРУШИНОВИДНАЯ,Встречается в Калининградской области. Встречается в Калининградской области. ,Может возделываться на светло-каштановых солонцеватых почвах. Растет хорошо на светло-каштановых солонцеватых. ,"Цветет в +10-12°С, апреле-мае. Плоды созревают 4,8, конце августа-сентябре. ",,"В медицине применяется Облепиховое масло. В медицине используют carotenoid compounds, плоды и листья облепихи. Облепиховое масло, плоды и листья облепихи имеет медицинское применение. Оказывает заболачивания. "
ОВЕС ПОСЕВНОЙ,,повышенную почвенную кислотность,Всходы появляются +3-4°C. ,В растении содержится белки. Содержит белки. ,"В медицине применяется Отвары из овса, надземная. В медицине используют надземная часть (трава) овса. надземная часть (трава) овса имеет медицинское применение. Оказывает повышенную почвенную кислотность. "
ОДУВАНЧИК ИЗОГНУТЫЙ,,Может возделываться на слабозадерненных почвах. Растет хорошо на слабозадерненных. слабозадерненныхПредпочитает хорошо удобренной и глубоко разрыхленной почвы. ,"Цветет в мае-июле. Всходы появляются через 1-1,5 недели. Плоды созревают мае-июле. ",,"В медицине применяется корни одуванчика лекарственного, сесквитерпеноиды. В медицине используют корни одуванчика лекарственного. корни одуванчика лекарственного имеет медицинское применение. Оказывает гиполипидемическое. "
ОКОПНИК ЖЁСТКИЙ,Встречается в Ленинградской области. ,,"Цветет в июне-июле. Всходы появляются 14-18-е, 14-18-е сутки. Плоды созревают июле. ",,"В медицине применяется Отвар корней окопника жесткого, корни окопника жесткого. В медицине используют Отвар корней окопника жесткого, корни окопника жесткого. Отвар корней окопника жесткого имеет медицинское применение. "
ОЛЬХА ЧЁРНАЯ,"Встречается в Западной Сибири, Ленинградской области. Распространен в На европейской территории России. ","Растет хорошо на бедных сухих песча-  ных, свежих наносных. влажных и богатых почвПредпочитает влажных и богатых почвы. ","Цветет в апреле, марте-апреле. Плоды созревают августе-октябре. ",,"В медицине применяется вяжущее и кровоостанавливающее средство, соплодия («шишки») ольхи черной. В медицине используют соплодия («шишки») ольхи черной. соплодия («шишки») ольхи черной имеет медицинское применение. "
ОМЕЛА БЕЛАЯ,,,Цветет в марте-апреле. Плоды созревают августе-сентябре. ,В растении содержится полисахариды. Содержит токсомелин и некромелин. ,В медицине применяется порошок и водные извлечения из омелы. В медицине используют порошок и водные извлечения из омелы. порошок и водные извлечения из омелы имеет медицинское применение. 
ОРТОСИФОН ОСТИСТЫЙ,,влажности и плодородию почвы,Цветет в июле-сентябре. Плоды созревают обычно опадают. ,,Оказывает спазмолитическим действием. 
ОЧИТОК БОЛЬШОЙ,Произрастает в Калининградской области. Встречается в Калининградской области. ,Может возделываться на песчаных и каменистых почвах. Растет хорошо на песчаных и каменистых. ,Плоды созревают сентябре-октябре. ,В растении содержится органические кислоты. ,В медицине применяется Лекарственный препарат Биосед. В медицине используют Лекарственный препарат Биосед. Лекарственный препарат Биосед имеет медицинское применение. 
ПАЖИТНИК СЕННОЙ,"Встречается в В Поволжье и на Северном Кавказе, Поволжье и на Северном Кавказе. Встречается в Восточном Закавказье, Поволжье и на Северном Кавказе. ","теплу, пластичное к условиям произрастанияПредпочитает кислые, переувлажненные почвы. ",Цветет в с мая по июль. Всходы появляются поздними заморозками. ,"В растении содержится влагу и удобрения, слизь. Содержит фуростаноловых гликозидов. ",В медицине применяется протоямосцин. Оказывает влагу и удобрения. 
ПАСЛЕН СЛАДКО-ГОРЬКИЙ,Встречается в Крыму. ,,"Цветет в мая по сентябрь. Плоды созревают июне-октябре, пропадают. ",,В медицине применяется побеги паслена сладко-горького. В медицине используют побеги паслена сладко-горького. побеги паслена сладко-горького имеет медицинское применение. 
ПАССИФЛОРА ИНКАРНАТНАЯ,Встречается в Крыма. ,,Плоды созревают августе-октябре. ,В растении содержится флавоноиды. ,"В медицине применяется Экстракт пассифлоры, флавоноиды. В медицине используют Экстракт пассифлоры, инкарнатной. "
ПАСТЕРНАК ПОСЕВНОЙ,,"Может возделываться на овощном севообороте, средней полосе Европейской России почвах. Растет хорошо на глинистых. рыхлую плодородную почву",Плоды созревают сентябре. ,,"В медицине применяется плоды пастернака, сырье. В медицине используют плоды пастернака. Бероксан, плоды пастернака имеет медицинское применение. "
ПАСТУШЬЯ СУМКА ОБЫКНОВЕННАЯ,Произрастает в лесных и степных районах Западной Сибири. Встречается в Северного Кавказа. Распространен в За Уральскими горами. ,,"Цветет в апреля-мая до конца лета. Всходы появляются в течение всего лета, лета. Плоды созревают мая, неодновременно. ",В растении содержится флавоноиды. ,"В медицине применяется гемостатическим средством, надземную. В медицине используют гемостатическим средством. Настой травы пастушьей сумки имеет медицинское применение. "
ПЕРЕСТУПЕНЬ БЕЛЫЙ,"Произрастает в среди кустарников, среди кустарников, вдоль дорог и у жилья. Встречается в Астраханской области, Европейской России. ","Растет хорошо на Кавказе, На Кавказе. ",Цветет в мае-июле. Плоды созревают мае-июле. ,В растении содержится углеводы. Содержит углеводы. ,В медицине применяется корень переступня белого. В медицине используют корень переступня белого. корень переступня белого имеет медицинское применение. 
ПЕРЕЦ ОДНОЛЕТНИЙ,"Произрастает в легких почвах. Встречается в Центральную Америку, в тропиках Центральной Америки. Встречается в Центральную Америку, тропиках Центральной Америки. Распространен в овощная культура. ",Может возделываться на легких почвах. Растет хорошо на легких. плодородию почвыПредпочитает 70-75 % почвы. ,"Всходы появляются 40-80 суток, 55­‑65 суток. Плоды созревают июле-сентябре. ","В растении содержится витамины. Содержит Алкалоид капсаицин, витамины. ","В медицине применяется плоды горьких сортов стручкового перца. В медицине используют плоды горьких сортов стручкового перца. плоды горьких сортов стручкового перца имеет медицинское применение. Оказывает климатическим условиям, острый вкус и раздражающее действие. "
ПИЖМА ОБЫКНОВЕННАЯ,"Встречается в Восточной Сибири, Нечерноземной зоне. ",Предпочитает дренированные песчаные и супесчаные почвы. ,"Цветет в июле-сентябре. Плоды созревают августе-октябре, июле-сентябре. ",,"В медицине применяется Настой цветков пижмы обыкновенной, соцветия пижмы. В медицине используют Настой цветков пижмы обыкновенной, соцветия пижмы. Настой цветков пижмы обыкновенной, соцветия пижмы имеет медицинское применение. Оказывает секреторные ходы. "
ПИОН УКЛОНЯЮЩИЙСЯ,"Встречается в Китае, Монголии и Казахстане, средней полосы России. Распространен в на юге Западной Сибири и в Средней Азии. ",Может возделываться на гумусом почвах. ,Всходы появляются на следующий год. ,,"В медицине применяется Paeonia anomala, Настойку пиона уклоняющегося. В медицине используют Paeonia anomala. Paeonia anomala имеет медицинское применение. Оказывает высокой зимостойкости, а также декоративности, мясистым нектарным диском. "
ПИРЕТРУМ ЦИНЕРАРИЕЛИСТНЫЙ,Встречается в некоторых степных районах юга РФ. ,"Может возделываться на Северном Кавказе, хорошего механического состава и высокого плодородия почвах. Растет хорошо на субальпийских и альпийских лугах Кавказа, хорошего механического состава и высокого плодородия. хорошего механического состава и высокого плодородия","Цветет в 5070 %, мае-июне. Всходы появляются гибнут от засухи. Плоды созревают июне-июле. ",,В медицине применяется Измельченные цветки пиретрума. В медицине используют Измельченные цветки пиретрума. Измельченные цветки пиретрума имеет медицинское применение. 
ПЛАУН БУЛАВОВИДНЫЙ,Встречается в Сибири и на Дальнем Востоке. Распространен в европейской части России. ,,Плоды созревают августе-сентябре. ,,В медицине применяется споры плауна. В медицине используют споры плауна. споры плауна имеет медицинское применение. 
ПОДОРОЖНИК БЛОШНЫЙ,Встречается в Московской обл.. ,Растет хорошо на песках и сухих щебнистых склонах. ,Плоды созревают июля. ,,"В медицине применяется Сок из травы подорожника блошного, его семена. В медицине используют свежесобранную траву. его семена, свежесобранную траву имеет медицинское применение. "
ПОДОРОЖНИК БОЛЬШОЙ,"Встречается в лесостепной и на юге лесной зоны. Встречается в лесостепной и на юге лесной зоны, центральных областях России и на Северном Кавказе. ",Может возделываться на темно-серых лесных и лугопойменных почвах. плодородию почвы,"Цветет в августа-сентября, в мае-августе. Плоды созревают августе-октябре. ",,"В медицине применяется листья и свежую траву, листья и свежую траву подорожника большого. В медицине используют Настой листьев подорожника большого, листья и свежую траву. Настой листьев подорожника большого, листья и свежую траву имеет медицинское применение. Оказывает седативное и гипотензивное, седативное и гипотензивное действие. "
ПОДОФИЛЛ ЩИТОВИДНЫЙ,,"перегноем почвой, ядовитости сырьяПредпочитает перегноем, перегноем почвой почвы. ","Цветет в апреле. Плоды созревают жёлтая или зеленовато-жёлтая, июле-сентябре. ",,В медицине используют лекарственный препарат Подофиллин. лекарственный препарат Подофиллин имеет медицинское применение. Оказывает рост злокачественных опухолей. 
ПОЛЫНЬ ГОРЬКАЯ,"Встречается в надземной части. Распространен в В России, России. ","Может возделываться на подзолистых песчаных почвах. Растет хорошо на подзолистых песчаных. Предпочитает главным корнем, средне увлажненные рыхлые почвы. ","Всходы появляются в начале мая. Плоды созревают августе-октябре, октябре. ",В растении содержится углеводы. ,"В медицине применяется Запасы сырья полыни горькой, Настой травы полыни горькой. В медицине используют Настой травы полыни горькой, полыни горькой. Настой травы полыни горькой, полыни горькой имеет медицинское применение. Оказывает других растений. "
ПОЛЫНЬ ОБЫКНОВЕННАЯ,Встречается в Западной Сибири. ,вредителями и болезнями,"Цветет в августе. Всходы появляются 6-10 дней. Плоды созревают конце сентября октябре, семянки. ",,В медицине применяется научной медицине. Биологически активные вещества имеет медицинское применение. 
ПРУТНЯК ОБЫКНОВЕННЫЙ,"Встречается в Крыму, невысокого прямостоячего кустарника. ","Может возделываться на плодородные почвы почвах. Растет хорошо на каменистых, песчаных. Предпочитает плодородные почвы. ","Цветет в с июня по октябрь. Плоды созревают октябре-ноябре, растянутый. ",В растении содержится эфирное масло. ,"В медицине применяется Экстракты витекса священного, плоды прутняка обыкновенного. В медицине используют Экстракты витекса священного, метод зеленого черенкования. Экстракты витекса священного, плоды прутняка обыкновенного имеет медицинское применение. "
ПУСТЫРНИК СЕРДЕЧНЫЙ,Встречается в Средней России. Встречается в Средней России. ,"Растет хорошо на питательными веществами. Нетребователен, питательными веществами",Цветет в июне-июле. Плоды созревают августе-сентябре. ,В растении содержится жирное масло. ,"В медицине применяется Лекарственные препараты, седативного средства. В медицине используют седативного средства при невротических реакциях. Лекарственные препараты, седативного средства при невротических реакциях имеет медицинское применение. Оказывает гипотензивное. "
РАПОНТИКУМ САФЛОРОВИДНЫЙ,"Произрастает в корневищах с корнями, субальпийских лугах. Встречается в субальпийских лугах. Распространен в субальпийских лугах. ","Может возделываться на бурых горно-луговых почвах. Растет хорошо на субальпийских лугах, суглинистых почвах умеренного увлажнения. ",Цветет в июле-августе. Всходы появляются 18‑20 суток. Плоды созревают августе-сентябре. ,Содержит экстрактивных веществ. ,"В медицине применяется малотоксичны. В медицине используют Левзеи экстракт жидкий для приема внутрь, малотоксичны. Оказывает смолистым запахом, центральную нервную систему. "
РАСТОРОПША ПЯТНИСТАЯ,,Может возделываться на засоленных почвах. Растет хорошо на засоленных. сорной растительности,,,Оказывает мучнистым налетом. 
РЕВЕНЬ ПАЛЬЧАТЫЙ ТАНГУТСКИЙ,Встречается в Западной Европе. ,"Может возделываться на плодородию почвы почвах. Растет хорошо на богатых перегноем, легких и средних. плодородию почвы","Цветет в июне, плодоносит в июле. Плоды созревают июле, темно-коричневую окраску. ",,"В медицине применяется корни ревеня пальчатого. В медицине используют корни ревеня пальчатого. корни ревеня пальчатого, слабительное и желчегонное средство имеет медицинское применение. Оказывает биологически активных веществ. "
РЕПЕШОК ВОЛОСИСТЫЙ,Встречается в России. ,,Цветет в июле. Плоды созревают августе-сентябре. ,,В медицине применяется репешка. В медицине используют Репешок волосистый. Репешок волосистый имеет медицинское применение. 
РЕПЕШОК ОБЫКНОВЕННЫЙ,,,Цветет в июне-августе. Плоды созревают августе-сентябре. ,,"В медицине применяется мягкое вяжущее и диуретическое средство, надземная часть. Репешок обыкновенный, мягкое вяжущее и диуретическое средство имеет медицинское применение. "
РОДИОЛА РОЗОВАЯ,"Произрастает в Северо-Восточной Монголии. Встречается в Нечерноземной зоны РФ, конечных ледниковых морен. Распространен в Нечерноземной зоны РФ. ",Предпочитает легкие или средние плодородные суглинки почвы. ,Плоды созревают июле-августе. ,,"В медицине применяется корни и корневища родиолы розовой. В медицине используют гидрогеля, корни и корневища родиолы розовой. корни и корневища родиолы розовой имеет медицинское применение. "
РОМАШКА АПТЕЧНАЯ,,"Может возделываться на бедных, супесчаных и суглинистых почвах почвах. Растет хорошо на европейской части России. плодородию почвы","Цветет в 42-44 суток, августе-сентябре. Всходы появляются весной. Плоды созревают июле-августе. ",Содержит азот и калий. ,В медицине применяется препараты. В медицине используют препараты. препараты имеет медицинское применение. 
РОМАШКА БЕЗЪЯЗЫЧКОВАЯ,"Встречается в Северном Кавказе. Встречается в Северном Кавказе. Распространен в по улицам населенных пунктов, рудеральное растение. ",Может возделываться на влагой почвы почвах. Растет хорошо на открытых участках. ,"Цветет в июле-сентябре. Плоды созревают августе-сентябре, июне. ",,"В медицине применяется Цветки ромашки душистой, корзинки ромашки душистой. В медицине используют Цветки ромашки душистой, корзинки ромашки душистой. Цветки ромашки душистой, корзинки ромашки душистой имеет медицинское применение. "
РЯБИНА ОБЫКНОВЕННАЯ,Произрастает в кемеровской области. Встречается в кемеровской области. ,"Растет хорошо на лесной и лесотундровой зонах, подлеске хвойных и смешанных лесов. ","Цветет в августе-октябре, мае-июне. Плоды созревают сентябрю. ",В растении содержится витаминов. Содержит витаминов. ,В медицине применяется плоды рябины. В медицине используют плоды рябины. плоды рябины имеет медицинское применение. 
САБЕЛЬНИК БОЛОТНЫЙ,Встречается в России. ,Растет хорошо на пойме. ,Плоды созревают августе-сентябре. ,В растении содержится фенольные соединения. Содержит фенольные соединения. ,"В медицине применяется фенольные соединения. В медицине используют корневища с корнями сабельника болотного, отвар сабельника. урологических, костно-суставных болезней имеет медицинское применение. Оказывает нарушенную структуру суставной поверхности. "
СВОБОДНОЯГОДНИК КОЛЮЧИЙ,Встречается в Приамурье и северной части Приморья. ,"гумусомПредпочитает влажные, но не сырые типы леса почвы. ",Цветет в июле-августе. Всходы появляются семян год. Плоды созревают сентябре-октябре. ,В растении содержится элеутерозиды. ,"В медицине применяется лекарственное средство, элеутерококка. В медицине используют Экстракт свободноягодника, элеутерококка. Экстракт свободноягодника, элеутерококка имеет медицинское применение. "
СЕКУРИНЕГА ПОЛУКУСТАРНИКОВАЯ,"Встречается в северных затененных склонах. Встречается в Забайкалье, России. Распространен в У северного предела, северного предела. ",,Цветет в июне-июле. Плоды созревают августа-сентября по октябрь. ,В растении содержится алкалоида—секуренина. Содержит алкалоида—секуренина. ,"В медицине применяется лекарственный препарат Секуринин, побеги секуринеги. В медицине используют лекарственный препарат Секуринин, побеги секуринеги. побеги секуринеги имеет медицинское применение. "
СЕРПУХА ВЕНЦЕНОСНАЯ,Встречается в Рязанской области. ,застою водыПредпочитает хорошо увлажненные почвы. ,"Цветет в 30-35 см, июне-сентябре. Плоды созревают июле-октябре. ","В растении содержится фитоэкдистероидов, фитоэкдистероиды до 2 %. Содержит фитоэкдистероидов, фитоэкдистероиды до 2 %. ",В медицине применяется фитоэкдистероиды. В медицине используют фитоэкдистероиды. Оказывает интенсивным выпасом и сенокошением. 
СИНЮХА ГОЛУБАЯ,"Встречается в Монголии, горах Кавказа, Казахстана и Средней Азии. Распространен в лесной и лесостепной зонах европейской части России. ","Может возделываться на гумусом, однолетняя или двулетняя пропашная культура почвах. Растет хорошо на арктической зоне, гумусом. плодородию почвы","Цветет в июле-сентябре, июле-сентябре, плодоносит в августе-сентябре. Всходы появляются 12-15 день. Плоды созревают августе-сентябре, побурение коробочек. ","В растении содержится минеральных удобрений. Содержит минеральных удобрений, сапонины. ","В медицине применяется корневища с корнями только синюхи голубой, синюхи. В медицине используют Отвар корней и корневищ, корневища с корнями только синюхи голубой. Отвар корней и корневищ синюхи голубой, корневища с корнями только синюхи голубой имеет медицинское применение. "
СКОПОЛИЯ КАРНИОЛИЙСКАЯ,"Произрастает в Украине. Встречается в Западном Закавказье, Украине. ",Может возделываться на суглинках и супесях почвах. Растет хорошо на суглинках и супесях. влажности воздуха,Всходы появляются июня. Плоды созревают мае-июне (июле). ,,"В медицине применяется алкалоиды, атропина и гиосциамина. В медицине используют Скополамин, атропина и гиосциамина. Корневища скополии имеет медицинское применение. Оказывает ЦНС, степень ее развития. "
СКУМПИЯ КОЖЕВЕННАЯ,"Встречается в Закавказье, Краснодарском и Ставропольском. Распространен в южных областях средней полосы. ",Может возделываться на слабозасоленных почвах. Растет хорошо на слабозасоленных. Предпочитает темно-каштановые и каштановые почвы. ,Цветет в июне-июле. Плоды созревают конце лета. ,В растении содержится минеральные и органические удобрения. ,В медицине применяется Листья скумпии. В медицине используют Листья скумпии. Листья скумпии имеет медицинское применение. Оказывает минеральные и органические удобрения. 
СМОКОВНИЦА ОБЫКНОВЕННАЯ,"Встречается в Турции, Иране. Распространен в В культуре. ",Растет хорошо на каменистых осыпях. ,Цветет в два-три раза в год. Плоды созревают августе-сентябре. ,Содержит млечный сок. ,В медицине применяется плоды и листья смоковницы. В медицине используют плоды и листья смоковницы. плоды и листья смоковницы имеет медицинское применение. 
СМОРОДИНА ЧЕРНАЯ,"Встречается в России. Распространен в горных лесах Южной Сибири, европейской части России. ",Может возделываться на холодных и умеренных поясах Евразии почвах. желтовато-серыми побегамиПредпочитает гумусом почвы. ,Цветет в мае-июне. Плоды созревают июле-августе. ,В растении содержится аскорбиновая кислота. ,"В медицине применяется Ягоды и листья черной, Ягоды смородины. В медицине используют Ягоды смородины, плоды, реже – листья смородины черной. Ягоды смородины, плоды, реже – листья смородины черной имеет медицинское применение. "
СОЛОДКА ГОЛАЯ,"Произрастает в Надземные побеги, среднестолбчатых и корковых солонцах. Встречается в надземной части. Встречается в России и Казахстане. ",Растет хорошо на пустынной и степной зонах. ,Цветет в июне-июле. Плоды созревают конце сентября. ,В растении содержится глицирризиновой кислоты. Содержит глицирризиновой кислоты. ,"В медицине применяется солодкой голой, тритерпеноиды. В медицине используют придаточных корней, солодкой голой. солодкой голой имеет медицинское применение. Оказывает вегетативное размножение. "
СОФОРА ЯПОНСКАЯ,Произрастает в Японии и Китае. Встречается в Краснодарском и Ставропольском краях. ,"Может возделываться на суглинистые и супесчаные почвах. Растет хорошо на Китай, суглинистые и супесчаные почвы. Предпочитает суглинистые и супесчаные почвы. ","Цветет в августе-сентябре, июне-июле, плодоносит в августе-сентябре. Плоды созревают 8-10 %, августе-сентябре. ",,В медицине используют Кверцетин. Рутин имеет медицинское применение. 
СПОРЫНЬЯ ПУРПУРОВАЯ,Распространен в карте. ,,"Плоды созревают 1-2 раза, за 1-2 недели. ",,"Спорынья и ее препараты являются рецептурными, эргоалкалоидов спорыньи имеет медицинское применение. "
СТАЛЬНИК КОЛЮЧИЙ,"Встречается в Карпатах и в Прибалтике, на Карпатах и в Прибалтике. ",,"Цветет в июне-августе. Плоды созревают осенью, с августа до заморозков. ",,"В медицине применяется Препараты из корня стальника, фенолкарбоновые кислоты. В медицине используют Препараты из корня стальника. Препараты из корня стальника имеет медицинское применение. Оказывает противовоспалительным и кровоостанавливающим свойствам. "
СУМАХ ДУБИЛЬНЫЙ,Произрастает в куста. Встречается в центральных и северных областях европейской части России. ,"Растет хорошо на горах Крыма, куста. ","Цветет в июне-июле. Плоды созревают 500, сентябре-октябре. ",,"В медицине применяется листья сумаха, листья сумаха дубильного. В медицине используют листья сумаха, листья сумаха дубильного. листья сумаха дубильного, наружно имеет медицинское применение. "
СУШЕНИЦА ТОПЯНАЯ,"Встречается в европейской части России. Распространен в лесной и лесостепной зонах, циркумполярный вид. ","Предпочитает тяжелого механического состава, тяжелые почвы почвы. ","Цветет в июне-августе. Всходы появляются в конце мая, через месяц. ",,"В медицине применяется лекарственного растительного сырья, сушеницей топяной. В медицине используют сушеницей топяной. сушеницей топяной имеет медицинское применение. "
ТЕРМОПСИС ЛАНЦЕТОВИДНЫЙ,,,"Цветет в июне-августе, мае-июне. Плоды созревают августе-сентябре. ",В растении содержится хинолизидиновые алкалоиды. Содержит хинолизидиновые алкалоиды. ,В медицине применяется траву термопсиса ланцетовидного. В медицине используют траву термопсиса ланцетовидного. траву термопсиса ланцетовидного имеет медицинское применение. Оказывает Н-холинорецепторов. 
ТИМЬЯН ОБЫКНОВЕННЫЙ,"Встречается в Краснодарском крае, Крыму и Молдавии. Встречается в Краснодарском крае, Крыму и Молдавии. ",Растет хорошо на открытых сухих и каменистых склонах. засухеПредпочитает гумусом известковые почвы почвы. ,Цветет в конце мая-начале июня. Всходы появляются 20-24-й день. Плоды созревают конце июня-начале июля. ,,
ТИМЬЯН ПОЛЗУЧИЙ,"Встречается в Горного Алтая, Центрально-Черноземной зоне. Распространен в В России. ",снижением желудочной секреции,"Цветет в июне-августе. Всходы появляются 18-21 день. Плоды созревают августа, сентябре. ","В растении содержится фенолов, фенольные вещества. Содержит фенольные вещества. ","В медицине применяется Лекарственные препараты из травы чабреца, траву тимьяна ползучего. В медицине используют траву тимьяна ползучего. Лекарственные препараты из травы чабреца, траву тимьяна ползучего имеет медицинское применение. Оказывает снижением желудочной секреции. "
ТМИН ОБЫКНОВЕННЫЙ,"Встречается в прибрежных районах. Встречается в Камчатка) встречается в прибрежных районах, Приморье и Восточной Сибири. Распространен в Голландии, Венгрии, Дании, Норвегии и США, России. ","Может возделываться на легких супесчаных почвах. Растет хорошо на легких супесчаных, многолетник. теплу","Цветет в 25-30 сут, мае-июле. Всходы появляются 18-25 сут, через 18-25 сут. Плоды созревают июле-августе. ",,"В медицине применяется Настой плодов тмина, тминное масло. В медицине используют Настой плодов тмина. Тмин, хронических гастритах имеет медицинское применение. "
ТОЛОКНЯНКА ОБЫКНОВЕННАЯ,"Встречается в Западного и Восточного Кавказа. Встречается в Якутии, центральных районах Якутии. ",,"Цветет в июле-августе, мае-июне. Плоды созревают 12-14 %, июле-августе. ",,"В медицине применяется Настои и отвары листьев толокнянки, листья и побеги толокнянки. В медицине используют листья и побеги толокнянки. Настои и отвары листьев толокнянки, листья и побеги толокнянки имеет медицинское применение. "
ТЫКВА ОБЫКНОВЕННАЯ,"Произрастает в +12-13°С. Встречается в центральных и северных, южных. Распространен в Северном Кавказе. ","Может возделываться на полевых и овощных севооборотах, южных районах почвах. Растет хорошо на малоплодородных. влажности и плодородию, влажности и плодородию почвы",Цветет в июле-сентябре. Плоды созревают сентябре-ноябре. ,,В медицине применяется семена тыквы. В медицине используют семена тыквы. семена тыквы имеет медицинское применение. Оказывает почечную ткань. 
ТЫСЯЧЕЛИСТНИК ОБЫКНОВЕННЫЙ,"Произрастает в лесной, лесостепной и степной зонах, лесостепной и степной зонах. Встречается в Кавказе, Центральных районах Нечернозёмной зоны РФ. Встречается в Кавказе, Центральных районах Нечернозёмной зоны РФ. Распространен в Центральных районах Нечернозёмной зоны РФ, лесной, лесостепной и степной зонах. ",затенению,Плоды созревают июле-сентябре. ,"В растении содержится antioxidant activities and anti-inflammatory potential, биологически активных соединений. Содержит дубильные вещества. ","В медицине применяется Галеновые препараты тысячелистника, надземную часть. В медицине используют Галеновые препараты тысячелистника, тысячелистника. Галеновые препараты тысячелистника имеет медицинское применение. Оказывает antioxidant activities and anti-inflammatory potential, моторику желудка и кишечника. "
УКРОП ПАХУЧИЙ,Встречается в Северном Кавказе. Встречается в Северном Кавказе. ,"влажности почвыПредпочитает плодородные, хорошо удобренные, плодородные, хорошо удобренные почвы почвы. ","Цветет в августе-сентябре. Всходы появляются +18+20°С. Плоды созревают 50-132 суток, августе-сентябре. ",В растении содержится эфирное масло. ,"В медицине применяется Укропа пахучего плоды, плоды укропа. В медицине используют Укропа пахучего плоды, плоды укропа. плоды укропа имеет медицинское применение. "
ФАСОЛЬ ОБЫКНОВЕННАЯ,"Встречается в США, Гватемале и Чили. Распространен в мировом земледелии. ",Может возделываться на Перу почвах. гатых органическим веществом,Плоды созревают 10-27 см. ,В растении содержится витамины и легкоусвояемые белки. Содержит витамины и легкоусвояемые белки. ,В медицине применяется створки бобов фасоли. В медицине используют створки бобов фасоли. створки бобов фасоли имеет медицинское применение. Оказывает микроэлементов. 
ФЕНХЕЛЬ ОБЫКНОВЕННЫЙ,"Встречается в Иран. Встречается в Иран. Распространен в Иран, далеко за пределами его природного ареала. ",,"Цветет в июле-августе, июле-августе; плоды созревают в сентябре-октябре. Всходы появляются +20°С, 14-й день. Плоды созревают сентябре-октябре. ",В растении содержится эфирное масло. ,В медицине применяется зрелые плоды фенхеля. В медицине используют зрелые плоды фенхеля. зрелые плоды фенхеля имеет медицинское применение. Оказывает географического происхождения и экологических условий. 
ФЕРУЛА ВОНЮЧАЯ,Встречается в Центрально-Черноземном районе европейской России. ,,"Цветет в июне-июле, мае-июне. Плоды созревают августе, мае-июне. ",Содержит фенолкарбоновые кислоты. ,"В медицине применяется Ассафетида, Ферула. В медицине используют Ассафетида. Ассафетида имеет медицинское применение. "
ФИАЛКА ТРЁХЦВЕТНАЯ,Произрастает в надземной части. Распространен в надземной части. ,Растет хорошо на супесчаных почвах. природного растительного покрова,"Цветет в Цветение Viola tricolor L., мае-июне. Всходы появляются конце апреля. Плоды созревают августе, июня. ","В растении содержится витамин Р, флавоноиды. ","В медицине применяется все растение, флавоноиды. В медицине используют все растение. все растение имеет медицинское применение. "
ХВОЩ ПОЛЕВОЙ,Встречается в России. Распространен в северном полушарии. ,,Плоды созревают апреле-мае. ,,"В медицине применяется жидкого экстракта, хвоща полевого. В медицине используют хвоща полевого. хвоща полевого имеет медицинское применение. Оказывает кровеостанавливающее действие, раздражение почек. "
ХМЕЛЬ ОБЫКНОВЕННЫЙ,Произрастает в Северном Кавказе. Встречается в Северном Кавказе. Распространен в Северном Кавказе. ,"Может возделываться на кислых дерново-подзолистых почвах. Растет хорошо на вдоль отвесных опор, кислых дерново-подзолистых. Предпочитает влажные, богатые органическими веществами почвы. ","Цветет в июле. Всходы появляются золотисто-зелеными, упругими. Плоды созревают августе-сентябре. ","В растении содержится эфирное масло. Содержит влажные, богатые органическими веществами почвы, почвы. ","В медицине применяется Соплодия, женские соцветия («шишки») хмеля. В медицине используют женские соцветия («шишки») хмеля. женские соцветия («шишки») хмеля имеет медицинское применение. "
ЦЕТРАРИЯ ИСЛАНДСКАЯ,Встречается в азиатской части. Встречается в азиатской части. ,"Может возделываться на торфяной почве почвах. Растет хорошо на торфяной почве. освещения, увлажнения и других факторов местообитанияПредпочитает коры деревьев, торфяной почвы. ",,,"В медицине применяется цельные и резаные слоевища цетрарии исландской, цетрарию. В медицине используют цельные и резаные слоевища, цельные и резаные слоевища цетрарии исландской. цельные и резаные слоевища имеет медицинское применение. Оказывает секретолитическим эффектом. "
ЦИКОРИЙ ОБЫКНОВЕННЫЙ,"Произрастает в пустырях. Встречается в лугах, лесных полянах. ",Предпочитает довольно сухие и богатые почвы. ,,В растении содержится углеводы. Содержит углеводы. ,"В медицине применяется Препараты цикория, водно-спиртового экстракта. В медицине используют Препараты цикория. Препараты цикория имеет медицинское применение. "
ЧАГА,,,"Плоды созревают Когда созревание плодового тела заканчивается, заканчивается. ",,"В медицине применяется бесплодную форму трутовика скошенного. В медицине используют бесплодную форму трутовика скошенного. бесплодную форму трутовика скошенного, симптоматическое средство имеет медицинское применение. "
ЧЕМЕРИЦА ЛОБЕЛЯ,Встречается в Карпатах. Распространен в лесной и лесостепной зонах европейской части России. ,Растет хорошо на лесном поясе. ,Плоды созревают августе-сентябре. ,,"В медицине применяется алкалоиды, препараты гипотензивного действия. В медицине используют препараты гипотензивного действия. препараты гипотензивного действия имеет медицинское применение. "
ЧЕРЕДА ТРЁХРАЗДЕЛЬНАЯ,,"Может возделываться на легких почвах. Растет хорошо на Приморском крае, легких. Предпочитает лугопойменные и осушенные торфяники почвы. ",Всходы появляются 20-25-й день. Плоды созревают августе-сентябре. ,,"В медицине применяется Препараты череды, сырье череды. В медицине используют Препараты череды, ленточный посев. Препараты череды имеет медицинское применение. Оказывает спазмолитическое, кровоостанавливающее. "
ЧЕРЁМУХА ОБЫКНОВЕННАЯ,"Встречается в Общем Сырте и Приволжской возвышенности, Томской области. Встречается в Сибири, Томской области. ","Растет хорошо на городов и крупных рек, лесной зоне. влажные плодородные почвыПредпочитает влажные плодородные почвы. ",Цветет в апреля по июнь. Плоды созревают июле-сентябре. ,,В медицине применяется Препараты черемухи. В медицине используют Препараты черемухи. Препараты черемухи имеет медицинское применение. Оказывает дубильных веществ и органических кислот. 
ЧЕРНИКА ОБЫКНОВЕННАЯ,Произрастает в кислых почвах. Встречается в Архангельской области. Распространен в северных и умеренных широтах. ,"Может возделываться на бедных, кислых почвах почвах. Растет хорошо на бедных, влажных. высокой влажности почвы, почвенным условиям",Плоды созревают IIIII декадах июля. ,Содержит витамины. ,"В медицине применяется Плоды черники. В медицине используют Арфазетин, Плоды черники. Арфазетин, Плоды черники имеет медицинское применение. Оказывает более высокой температурой воздуха, снижению содержания глюкозы в крови. "
ЧЕРНУШКА ДАМАССКАЯ,,Может возделываться на кислых почвах. Растет хорошо на кислых. стержневой корневой системой,"Цветет в 5-6 нед., июне (июле)-августе. Всходы появляются 10-16-е. Плоды созревают августе-сентябре. ",,"В медицине применяется препарат Нигедаза, тимохинона. В медицине используют препарат Нигедаза. препарат Нигедаза имеет медицинское применение. Оказывает стержневой корневой системой. "
ЧИСТОТЕЛ БОЛЬШОЙ,"Встречается в Сибири (кроме Арктики) и на Кавказе, европейской части РФ. Распространен в во всех районах европейской части РФ. ",Может возделываться на плодородных почвах. ,Цветет в мае-июне. Плоды созревают июле-сентябре. ,В растении содержится изохинолиновые алкалоиды. Содержит изохинолиновые алкалоиды. ,В медицине применяется надземную часть растения. В медицине используют надземную часть растения. надземную часть растения имеет медицинское применение. 
ШАЛФЕЙ ЛЕКАРСТВЕННЫЙ,"Встречается в В России. Встречается в России, Чеченской Республики. ","Может возделываться на Крым, Северный Кавказ, холодных ветров почвах. Растет хорошо на солнцем, сухих каменистых. холодных ветров","Всходы появляются 18-21-й день. Плоды созревают июля, через месяц после начала цветения. ",,"В медицине применяется Лекарственное растительное сырье, листья шалфея лекарственного. В медицине используют антимикробного и противовоспалительного лекарственного средства, листья шалфея лекарственного. антимикробного и противовоспалительного лекарственного средства, листья шалфея лекарственного имеет медицинское применение. "
ШИПОВНИК МАЙСКИЙ,"Встречается в Камчатки и Сахалина, легкосуглинистых почвах. Распространен в практически на всей территории России. ","Может возделываться на легкосуглинистых, открытых местах и на легкосуглинистых почвах. Растет хорошо на легкосуглинистых. Предпочитает аллювиальные почвы. ","Цветет в 20, 3-5 лет. Плоды созревают августе-сентябре. ","В растении содержится аскорбиновой кислоты, витамина С. Содержит аскорбиновой кислоты, витамина С. ","В медицине применяется витамины, шиповникоуборочный комбайн. В медицине используют Rosa, всех видов рода Rosa. всех видов рода Rosa, противосклеротическое действие аскорбиновой кислоты имеет медицинское применение. Оказывает большим количеством вредителей и болезней. "
ШЛЕМНИК БАЙКАЛЬСКИЙ,Встречается в РФ. Встречается в Читинской области. Распространен в Амуро-Зейском междуречье. ,,"Цветет в июле. Всходы появляются через 15 дней, через 9 дней. Плоды созревают августа. ",В растении содержится флавоноидов. Содержит флавоноидов. ,"В медицине применяется корни шлемника байкальского, флавоноиды. В медицине используют гипотензивное средство, корни шлемника байкальского. гипотензивное средство, корни шлемника байкальского имеет медицинское применение. Оказывает минеральных удобрений. "
ЩАВЕЛЬ КОНСКИЙ,Произрастает в засолённых местообитаниях. Распространен в лесной и лесостепной зонах. ,Может возделываться на умеренно влажных и влажных почвах. Растет хорошо на умеренно влажных и влажных. весенним заморозкам,"Цветет в мае-июне. Плоды созревают 2500-4000, июне-июле. ",,"В медицине применяется Препараты конского щавеля, корневища с корнями щавеля конского. В медицине используют Препараты конского щавеля, корневища с корнями щавеля конского. Препараты конского щавеля, корневища с корнями щавеля конского имеет медицинское применение. Оказывает мускулатуру толстого отдела кишечника. "
ЩИТОВНИК МУЖСКОЙ,"Встречается в Арктике, На Дальнем Востоке. ","Растет хорошо на дубовых и липовых лесах, хвойных, смешанных и широколиственных лесах. ","Плоды созревают августе-сентябре, сентября. ",,В медицине применяется корневища щитовника мужского. В медицине используют корневища щитовника мужского. корневища щитовника мужского имеет медицинское применение. 
ЭВКАЛИПТ ПРУТОВИДНЫЙ,Произрастает в дендрариях и ботанических садах. Встречается в Азербайджане. Распространен в субтропиках бывшего СССР. ,"Растет хорошо на глинистых, каменистых и песчаных. ","Цветет в летом, в июле-августе, октябрь-март. Всходы появляются 7-10 дней. ",В растении содержится эфирное масло. ,"В медицине применяется антисептических и противовоспалительных средств, листья эвкалипта прутовидного. В медицине используют антисептических и противовоспалительных средств, листья эвкалипта прутовидного. антисептических и противовоспалительных средств, листья эвкалипта прутовидного имеет медицинское применение. "
ЭВКОММИЯ ВЯЗОЛИСТНАЯ,Распространен в горных районах Западного и Восточного Китая. ,Предпочитает увлажненные почвы. ,Плоды созревают июле-ноябре. ,,В медицине применяется кору эвкоммии. В медицине используют кору эвкоммии. кору эвкоммии имеет медицинское применение. 
ЭРВА ШЕРСТИСТАЯ,Произрастает в предгорная и субгималайская зоны. Встречается в РФ. Распространен в предгорная и субгималайская зоны. ,,"Плоды созревают октября, у основания. ",В растении содержится флавоноиды. ,"В медицине применяется Отвар эрвы шерстистой, трава эрвы шерстистой. В медицине используют Отвар эрвы шерстистой, трава эрвы шерстистой. Отвар эрвы шерстистой, трава эрвы шерстистой имеет медицинское применение. Оказывает диуретическое и антисептическое действие. "
ЭФЕДРА ХВОЩЕВАЯ,"Встречается в Ephedra Herb in China. Встречается в Кавказские, Сибири. Распространен в На Кавказе, на юге и юго-западе Западной Сибири. ","Может возделываться на маломощных скелетных почвах почвах. Растет хорошо на маломощных скелетных, маломощных скелетных почвах. ",Цветет в мае-июне. Плоды созревают июле. ,,"В медицине применяется алкалоиды, зеленые неодревесневшие побеги. В медицине используют зеленые неодревесневшие побеги. зеленые неодревесневшие побеги, противоопухолевых и антиметастатических свойств имеет медицинское применение. Оказывает антиаминооксидазное. "
ЭХИНАЦЕЯ ПУРПУРНАЯ,Произрастает в на территории России. Встречается в североамериканском континенте. ,"Предпочитает плодородные, плодородные почвы почвы. ","Всходы появляются 21-28 сутки. Плоды созревают коричневыми, ноября. ",Содержит макрои микроэлементы. ,"В медицине применяется алкиламидов ненасыщенных кислот, кофейной кислоты. В медицине используют кофейной кислоты, эхинацеи. Эстифан, кофейной кислоты имеет медицинское применение. "
